game_name,platform,release_year,genre,publisher,price,user_score,downloads
Pixel War,PC,2018,Adventure,Nintendo,59.99,3.008896643339405,710570
Sky Legends,Switch,2018,Action,EA,59.99,N/A,1M
Pixel War,Playstation,Jan 2022,Shooter,Sony,59.99,ten,849749
Dragon Arena,XBOX,2019,Adventure,Sony,$59.99,8.5,500k
Call of Battle,PC,2021,Action,Nintendo,"39,99",ten,847335
Pixel War,Switch,20-01-2020,Action,Sony,59.99,N/A,500k
Sky Legends,PS4,Jan 2022,Action,EA,,ten,1M
Dragon Arena,PC,2021,RPG,Sony,,8.5,500k
Speed Racer X,Playstation,2020,Adventure,,,8.5,1M
Speed Racer X,Switch,2021,RPG,,,ten,884794
Speed Racer X,XBOX,2018,ADVENTURE,Nintendo,free,8.5,500k
Speed Racer X,Playstation,2021,rpg,,free,8.5,500k
Pixel War,pc,2021,Shooter,Sony,$59.99,8.5,
Call of Battle,XBOX,2018,ADVENTURE,EA,59.99,,626380
Zombie Land,Switch,20-01-2020,rpg,Unknown,$59.99,9.739705398522563,714328
Pixel War,pc,,RPG,,$59.99,,
Call of Battle,Playstation,Jan 2022,RPG,Unknown,"39,99",2.6078669247711823,500k
Dragon Arena,Playstation,20-01-2020,Shooter,Ubisoft,59.99,8.5,566579
Sky Legends,Xbox,2021,Action,EA,$59.99,ten,252083
Speed Racer X,pc,2018,Action,,free,N/A,1M
Speed Racer X,Playstation,2021,Shooter,Ubisoft,$59.99,N/A,1M
Sky Legends,XBOX,Jan 2022,Adventure,Ubisoft,,ten,
Call of Battle,PS4,2019,Action,Nintendo,59.99,8.5,1M
Call of Battle,PC,Jan 2022,Adventure,EA,59.99,1.6066029529927675,500k
Call of Battle,pc,2019,RPG,,free,8.5,
Speed Racer X,XBOX,2021,ADVENTURE,Sony,59.99,,
Zombie Land,Switch,,Adventure,EA,,6.881099394392124,
Pixel War,Xbox,,ADVENTURE,EA,59.99,N/A,1M
Zombie Land,PS4,2020,rpg,Ubisoft,"39,99",,848272
Call of Battle,Playstation,20-01-2020,ADVENTURE,EA,59.99,8.5,
Zombie Land,Switch,2019,ADVENTURE,Sony,59.99,2.481734092613742,500k
Dragon Arena,XBOX,2021,RPG,Sony,,N/A,
Speed Racer X,PS4,2020,action,EA,,7.621634609101391,500k
Call of Battle,PC,20-01-2020,rpg,Unknown,"39,99",5.7801352174348715,533496
Dragon Arena,PS4,2018,Shooter,EA,,,1M
Sky Legends,pc,2018,Shooter,EA,free,N/A,500k
Mystic Quest,PS4,Jan 2022,Adventure,Nintendo,59.99,8.5,500k
Zombie Land,Xbox,,Action,EA,free,N/A,105837
Sky Legends,PS4,20-01-2020,RPG,Ubisoft,$59.99,8.5,500k
Speed Racer X,Switch,,Shooter,,$59.99,N/A,500k
Pixel War,PC,2019,RPG,EA,59.99,8.5,500k
Sky Legends,PS4,Jan 2022,RPG,Ubisoft,,ten,
Mystic Quest,XBOX,2018,Action,,free,8.464132804349973,500k
Dragon Arena,PS4,Jan 2022,RPG,Ubisoft,,,589153
Call of Battle,PC,Jan 2022,action,Unknown,59.99,N/A,1M
Zombie Land,PS4,2018,RPG,Nintendo,"39,99",9.749766385155343,500k
Speed Racer X,Playstation,2019,Adventure,EA,$59.99,,1M
Speed Racer X,XBOX,2019,ADVENTURE,Ubisoft,free,ten,
Dragon Arena,Playstation,,Adventure,Ubisoft,$59.99,2.4327805868265813,402124
Dragon Arena,Switch,2019,action,Sony,$59.99,8.5,234752
Pixel War,PS4,2021,RPG,Nintendo,"39,99",ten,
Pixel War,XBOX,20-01-2020,RPG,EA,59.99,ten,500k
Call of Battle,PC,20-01-2020,rpg,Nintendo,,,636656
Zombie Land,pc,2019,RPG,EA,,N/A,1M
Mystic Quest,Switch,2018,Adventure,Nintendo,,3.825240805525237,500k
Sky Legends,Xbox,Jan 2022,rpg,Nintendo,free,N/A,1M
Zombie Land,Playstation,2021,Adventure,,59.99,ten,426800
Mystic Quest,Xbox,2019,rpg,Unknown,,,
Pixel War,PS4,20-01-2020,rpg,,59.99,ten,500k
Call of Battle,XBOX,,action,,$59.99,8.5,155511
Call of Battle,PS4,2021,Shooter,EA,free,N/A,
Zombie Land,Switch,2019,action,,,1.0499033632422858,
Speed Racer X,PS4,,Adventure,Unknown,free,8.5,963037
Zombie Land,PS4,,rpg,,,N/A,
Sky Legends,XBOX,Jan 2022,Shooter,Sony,"39,99",,1M
Pixel War,XBOX,2021,rpg,Nintendo,"39,99",ten,
Pixel War,PS4,2020,rpg,EA,,ten,500k
Sky Legends,PC,2019,action,Ubisoft,free,8.5,
Zombie Land,Xbox,20-01-2020,rpg,Sony,59.99,,409396
Dragon Arena,XBOX,20-01-2020,rpg,Sony,59.99,ten,
Dragon Arena,XBOX,2021,Shooter,,,N/A,1M
Zombie Land,PS4,2020,rpg,Sony,59.99,,1M
Dragon Arena,Switch,2019,Shooter,Unknown,59.99,N/A,592807
Call of Battle,Playstation,2021,action,Sony,59.99,,1M
Zombie Land,Xbox,2020,ADVENTURE,Sony,$59.99,,265525
Zombie Land,PC,Jan 2022,Shooter,EA,$59.99,3.0179994914777337,820182
Dragon Arena,PC,2019,action,EA,,8.5,497564
Sky Legends,PS4,2021,Adventure,Nintendo,"39,99",N/A,637745
Dragon Arena,XBOX,2019,RPG,EA,,ten,
Zombie Land,Playstation,2019,Action,Unknown,,8.5,500k
Dragon Arena,Playstation,20-01-2020,ADVENTURE,EA,"39,99",9.854599163632042,
Pixel War,Xbox,2018,Shooter,,$59.99,,
Call of Battle,Switch,2020,Adventure,Sony,,8.5,500k
Sky Legends,XBOX,20-01-2020,ADVENTURE,Sony,free,N/A,500k
Dragon Arena,PS4,,Action,Nintendo,free,,
Mystic Quest,PC,2021,ADVENTURE,Nintendo,59.99,ten,500k
Mystic Quest,Xbox,20-01-2020,Adventure,Nintendo,,8.5,1M
Pixel War,Switch,2021,Shooter,Ubisoft,,,470945
Call of Battle,Xbox,2019,rpg,,59.99,N/A,
Sky Legends,pc,2020,rpg,,,,500k
Mystic Quest,PS4,2018,Adventure,Ubisoft,$59.99,N/A,1M
Speed Racer X,PS4,Jan 2022,rpg,Nintendo,,N/A,500k
Call of Battle,XBOX,2019,RPG,Ubisoft,$59.99,2.6149738931686297,1M
Mystic Quest,PC,2018,Shooter,Nintendo,,,108570
Sky Legends,Xbox,2021,rpg,Sony,$59.99,2.6592730335107353,
Call of Battle,XBOX,2018,rpg,Sony,59.99,6.1931904082373626,1M
Dragon Arena,pc,2020,Action,Ubisoft,59.99,,1M
Dragon Arena,pc,2021,rpg,Sony,$59.99,,321214
Sky Legends,Playstation,2018,ADVENTURE,Ubisoft,,2.899226757748537,1M
Speed Racer X,pc,2018,action,EA,free,N/A,500k
Call of Battle,PS4,2020,Adventure,Nintendo,,8.736460582064701,1M
Mystic Quest,XBOX,,Adventure,Unknown,,8.5,446790
Sky Legends,PS4,Jan 2022,action,Nintendo,"39,99",2.2801265689930954,500k
Sky Legends,Playstation,,Shooter,Nintendo,free,ten,
Mystic Quest,pc,20-01-2020,rpg,Sony,59.99,,500k
Sky Legends,Xbox,2018,Action,Ubisoft,,N/A,616643
Dragon Arena,Playstation,,RPG,Unknown,59.99,8.5,
Mystic Quest,PS4,20-01-2020,rpg,,"39,99",5.42553221971912,500k
Zombie Land,Xbox,2020,Adventure,EA,"39,99",,
Mystic Quest,Playstation,2021,ADVENTURE,Unknown,59.99,ten,500k
Call of Battle,XBOX,2021,ADVENTURE,Unknown,"39,99",N/A,
Call of Battle,PS4,20-01-2020,RPG,Unknown,"39,99",,797907
Speed Racer X,Xbox,20-01-2020,action,Nintendo,free,,128324
Pixel War,pc,,action,,59.99,3.796751245540016,
Call of Battle,PS4,,Action,Sony,59.99,8.5,500k
Sky Legends,Playstation,2020,rpg,Sony,free,N/A,
Speed Racer X,pc,20-01-2020,Adventure,Ubisoft,"39,99",,500k
Dragon Arena,PC,2020,Adventure,Nintendo,"39,99",,1M
Zombie Land,pc,2021,RPG,Nintendo,,,500k
Dragon Arena,PS4,Jan 2022,action,Unknown,free,,500k
Pixel War,Switch,Jan 2022,ADVENTURE,Sony,free,8.5,520389
Speed Racer X,pc,20-01-2020,RPG,EA,"39,99",8.60535480799344,
Call of Battle,Playstation,2019,rpg,,59.99,ten,
Pixel War,PC,,RPG,,"39,99",ten,
Dragon Arena,pc,2018,Shooter,EA,59.99,ten,239536
Zombie Land,PC,,Adventure,,"39,99",8.5,500k
Call of Battle,PC,2020,ADVENTURE,EA,$59.99,,1M
Sky Legends,Switch,20-01-2020,Adventure,Ubisoft,59.99,N/A,
Sky Legends,Playstation,2019,rpg,Unknown,59.99,ten,500k
Pixel War,PC,,rpg,Nintendo,,5.919383238418256,500k
Sky Legends,Xbox,Jan 2022,rpg,,$59.99,ten,
Dragon Arena,Switch,2018,action,Sony,,ten,500k
Call of Battle,XBOX,Jan 2022,rpg,Nintendo,59.99,6.0933611526012905,
Dragon Arena,Xbox,,ADVENTURE,Ubisoft,,8.5,1M
Sky Legends,Xbox,Jan 2022,ADVENTURE,,"39,99",8.5,659765
Pixel War,Playstation,2018,RPG,Sony,59.99,8.5,500k
Mystic Quest,Playstation,2021,action,Ubisoft,59.99,ten,500k
Dragon Arena,PS4,2020,ADVENTURE,Sony,"39,99",ten,844298
Zombie Land,PC,2019,ADVENTURE,Ubisoft,"39,99",,500k
Call of Battle,XBOX,2021,Action,Nintendo,,ten,500k
Sky Legends,Switch,,Adventure,Nintendo,59.99,,500k
Sky Legends,PS4,Jan 2022,Action,,"39,99",ten,
Call of Battle,PS4,2018,Action,Nintendo,free,8.5,1M
Zombie Land,Switch,2020,Adventure,,,,1M
Zombie Land,Playstation,2018,ADVENTURE,Sony,,ten,500k
Speed Racer X,Switch,2021,action,Nintendo,59.99,ten,500k
Call of Battle,Switch,2020,action,EA,"39,99",8.417719737384143,1M
Pixel War,Playstation,20-01-2020,Action,EA,"39,99",8.5,1M
Call of Battle,XBOX,,Shooter,Ubisoft,,8.5,1M
Dragon Arena,pc,2018,RPG,Ubisoft,59.99,8.5,116266
Speed Racer X,PC,2020,ADVENTURE,Ubisoft,,8.5,279258
Speed Racer X,Playstation,2021,Shooter,EA,,,500k
Sky Legends,pc,2018,rpg,Unknown,59.99,9.508740786730957,500k
Zombie Land,Playstation,2018,Action,Sony,"39,99",4.614555290613044,
Call of Battle,PC,2020,Shooter,Ubisoft,59.99,N/A,500k
Zombie Land,pc,20-01-2020,RPG,Sony,,6.448841123817816,832621
Dragon Arena,Playstation,Jan 2022,ADVENTURE,Unknown,,,1M
Zombie Land,Xbox,,rpg,Sony,free,ten,500k
Pixel War,Xbox,2020,action,,free,1.6041997732298299,
Call of Battle,Playstation,Jan 2022,RPG,Ubisoft,,N/A,500k
Pixel War,PC,2021,RPG,,"39,99",4.806431701874951,500k
Mystic Quest,PC,20-01-2020,Shooter,Ubisoft,59.99,8.5,889432
Mystic Quest,XBOX,20-01-2020,RPG,EA,"39,99",8.5,
Dragon Arena,pc,,ADVENTURE,Unknown,,N/A,500k
Call of Battle,PS4,2020,Adventure,Nintendo,$59.99,8.5,1M
Sky Legends,Playstation,2021,Action,Ubisoft,,6.698548113899625,1M
Zombie Land,Switch,2021,RPG,Ubisoft,$59.99,ten,815571
Call of Battle,PS4,2019,ADVENTURE,Unknown,59.99,ten,
Zombie Land,pc,2021,rpg,Nintendo,59.99,7.794488293015336,
Call of Battle,Xbox,Jan 2022,Adventure,Unknown,free,ten,1M
Zombie Land,pc,2018,Action,Ubisoft,$59.99,8.5,500k
Mystic Quest,Xbox,2018,Action,Sony,,8.5,1M
Sky Legends,pc,,Adventure,Nintendo,59.99,4.5736405682256756,458409
Zombie Land,PC,,RPG,Unknown,free,,304578
Zombie Land,PC,2020,action,Unknown,free,ten,
Dragon Arena,PC,2019,rpg,Unknown,free,,500k
Pixel War,Xbox,2019,RPG,Ubisoft,59.99,5.594349560879335,1M
Dragon Arena,Xbox,2020,Adventure,,"39,99",2.3292085239769493,500k
Speed Racer X,PS4,20-01-2020,action,,59.99,,
Pixel War,pc,Jan 2022,Adventure,Unknown,$59.99,ten,
Call of Battle,Switch,2021,Adventure,Nintendo,"39,99",3.4720630073754326,370038
Mystic Quest,Switch,2021,Action,EA,$59.99,8.485269684968094,676981
Sky Legends,pc,20-01-2020,rpg,Sony,,5.9888473420447355,1M
Mystic Quest,pc,2021,Shooter,Ubisoft,59.99,ten,750014
Sky Legends,Playstation,2019,Action,Ubisoft,,,1M
Mystic Quest,Xbox,2020,rpg,Sony,"39,99",N/A,500k
Call of Battle,Xbox,2018,Shooter,,free,N/A,1M
Mystic Quest,PC,20-01-2020,Adventure,Ubisoft,$59.99,,136215
Mystic Quest,pc,2021,Adventure,Nintendo,"39,99",N/A,
Sky Legends,Xbox,2018,RPG,Nintendo,59.99,ten,
Speed Racer X,PS4,2019,action,EA,$59.99,8.59985549817295,533351
Pixel War,Xbox,,Shooter,Ubisoft,,8.5,1M
Pixel War,Switch,2018,rpg,Nintendo,,,500k
Dragon Arena,Playstation,,rpg,Ubisoft,,,1M
Mystic Quest,Playstation,20-01-2020,rpg,Sony,"39,99",,
Speed Racer X,XBOX,2019,ADVENTURE,Unknown,59.99,8.857017280534125,
Dragon Arena,Xbox,20-01-2020,Action,,"39,99",5.643184487972366,299910
Dragon Arena,PS4,2020,rpg,Unknown,59.99,8.479420467743672,1M
Dragon Arena,Switch,2020,Action,Sony,59.99,ten,
Call of Battle,Xbox,2019,Action,Nintendo,59.99,ten,1M
Speed Racer X,PC,2020,ADVENTURE,Sony,,,471392
Call of Battle,PC,2020,action,Ubisoft,,N/A,
Call of Battle,XBOX,2020,action,Nintendo,59.99,,
Call of Battle,PC,,rpg,Unknown,,N/A,1M
Pixel War,PS4,2020,rpg,EA,,N/A,1M
Pixel War,Playstation,2018,Shooter,Nintendo,59.99,N/A,532971
Zombie Land,XBOX,2021,Action,,free,ten,784618
Mystic Quest,XBOX,2018,RPG,Ubisoft,,6.913939600097482,500k
Speed Racer X,PC,2020,Shooter,Nintendo,"39,99",,
Pixel War,PS4,,action,EA,,,500k
Speed Racer X,PC,,action,EA,$59.99,N/A,
Mystic Quest,PC,,Adventure,Ubisoft,$59.99,4.212767584318271,500k
Mystic Quest,PC,,RPG,Sony,free,,1M
Zombie Land,Playstation,2021,RPG,Unknown,$59.99,,
Sky Legends,XBOX,2019,Shooter,Nintendo,$59.99,ten,500k
Mystic Quest,Switch,20-01-2020,Adventure,Sony,59.99,ten,469849
Pixel War,XBOX,2020,Shooter,Sony,$59.99,6.7552237944323235,
Mystic Quest,pc,,Adventure,,59.99,8.5,
Call of Battle,PS4,2018,action,,$59.99,N/A,1M
Pixel War,Switch,2020,RPG,Sony,"39,99",8.5,500k
Zombie Land,Xbox,Jan 2022,RPG,Ubisoft,59.99,8.5,
Sky Legends,PC,2020,ADVENTURE,Nintendo,,N/A,
Speed Racer X,PC,2019,ADVENTURE,EA,free,,500k
Pixel War,Xbox,Jan 2022,Action,Unknown,,ten,1M
Pixel War,Playstation,Jan 2022,Adventure,Ubisoft,"39,99",8.5,1M
Dragon Arena,PS4,2019,ADVENTURE,Sony,59.99,N/A,
Dragon Arena,pc,2019,Shooter,EA,59.99,,
Dragon Arena,Switch,,Shooter,EA,59.99,9.751417583623892,
Pixel War,pc,2020,action,Unknown,,8.5,454633
Dragon Arena,PC,20-01-2020,action,Nintendo,59.99,8.5,500k
Dragon Arena,PC,2020,action,,,ten,645274
Sky Legends,Playstation,2019,Shooter,Unknown,59.99,N/A,500k
Dragon Arena,pc,2018,ADVENTURE,EA,59.99,N/A,1M
Dragon Arena,pc,2021,Shooter,,59.99,N/A,500k
Zombie Land,PS4,,ADVENTURE,,free,3.676904842867681,723063
Speed Racer X,Switch,2021,rpg,Sony,59.99,8.5,500k
Pixel War,XBOX,2020,rpg,Ubisoft,"39,99",N/A,500k
Speed Racer X,Switch,2018,RPG,Sony,59.99,2.2678987150736516,
Dragon Arena,pc,2021,action,Ubisoft,"39,99",N/A,500k
Speed Racer X,XBOX,2019,rpg,Unknown,free,ten,522530
Call of Battle,Switch,20-01-2020,rpg,Ubisoft,59.99,6.250097007871089,500k
Zombie Land,pc,,Adventure,,free,3.5717354329691577,889324
Zombie Land,PS4,2020,Adventure,Nintendo,"39,99",4.629286649029226,421040
Sky Legends,pc,2019,RPG,Unknown,$59.99,N/A,500k
Dragon Arena,pc,Jan 2022,Shooter,EA,59.99,,500k
Sky Legends,Xbox,,action,Ubisoft,,N/A,43210
Call of Battle,PS4,Jan 2022,RPG,Sony,,N/A,1M
Mystic Quest,pc,2020,action,Sony,,ten,500k
Sky Legends,XBOX,20-01-2020,Shooter,Sony,,,856374
Mystic Quest,Xbox,Jan 2022,Action,Sony,,3.7691005034058787,
Mystic Quest,Playstation,,ADVENTURE,Unknown,,3.047889027689405,
Speed Racer X,pc,Jan 2022,Adventure,Unknown,"39,99",8.5,1M
Call of Battle,pc,Jan 2022,Action,Ubisoft,59.99,,
Pixel War,PS4,2021,Shooter,Unknown,free,8.855359380210883,1M
Sky Legends,PS4,20-01-2020,RPG,,free,ten,
Sky Legends,Xbox,20-01-2020,RPG,,"39,99",ten,
Speed Racer X,PS4,2020,Shooter,Nintendo,59.99,ten,500k
Pixel War,PS4,Jan 2022,Adventure,Sony,$59.99,N/A,500k
Mystic Quest,PC,20-01-2020,Adventure,Unknown,free,,500k
Dragon Arena,XBOX,2019,RPG,EA,$59.99,9.597823459113178,
Pixel War,Xbox,Jan 2022,rpg,Ubisoft,59.99,ten,500k
Speed Racer X,PC,20-01-2020,Adventure,Unknown,59.99,N/A,1M
Call of Battle,PC,2021,RPG,,free,8.5,1M
Zombie Land,Playstation,2021,rpg,,59.99,ten,500k
Pixel War,PC,,Action,,,3.089981792989153,1M
Zombie Land,XBOX,2019,Action,Sony,"39,99",ten,920331
Call of Battle,Xbox,20-01-2020,Shooter,EA,$59.99,N/A,
Speed Racer X,XBOX,20-01-2020,rpg,Nintendo,59.99,ten,
Pixel War,Xbox,Jan 2022,action,EA,,ten,1M
Speed Racer X,pc,,Adventure,Sony,"39,99",ten,
Pixel War,PC,2019,action,Sony,$59.99,9.422428483012496,
Speed Racer X,Switch,,RPG,Nintendo,$59.99,N/A,500k
Pixel War,Xbox,Jan 2022,action,EA,,ten,
Pixel War,pc,Jan 2022,ADVENTURE,Nintendo,,ten,1M
Speed Racer X,PS4,2021,action,Sony,,ten,
Dragon Arena,pc,,Adventure,Ubisoft,"39,99",N/A,916548
Sky Legends,Switch,20-01-2020,Adventure,Nintendo,59.99,9.255202361028779,1M
Sky Legends,pc,2019,action,Nintendo,"39,99",5.683073870663083,1M
Pixel War,pc,2021,Action,Unknown,free,,
Zombie Land,pc,2018,Shooter,Sony,,8.262238172989534,500k
Dragon Arena,PC,Jan 2022,action,Unknown,59.99,ten,735406
Sky Legends,PC,2018,rpg,EA,$59.99,8.5,
Mystic Quest,Switch,2021,ADVENTURE,Sony,free,N/A,500k
Call of Battle,PS4,20-01-2020,rpg,Unknown,59.99,8.5,876373
Dragon Arena,PC,2020,rpg,,,N/A,1M
Speed Racer X,Switch,2020,action,Nintendo,59.99,9.436693250215601,
Sky Legends,XBOX,2018,action,Ubisoft,59.99,1.9080704178325631,469127
Speed Racer X,Playstation,2018,rpg,Sony,59.99,5.857838280166855,500k
Speed Racer X,XBOX,Jan 2022,Shooter,Nintendo,,ten,500k
Speed Racer X,Playstation,20-01-2020,action,Sony,$59.99,N/A,1M
Pixel War,Playstation,2021,Shooter,Sony,59.99,,500k
Pixel War,Switch,2021,action,Nintendo,free,N/A,1M
Dragon Arena,PS4,2020,ADVENTURE,,59.99,8.251985439413982,
Zombie Land,pc,20-01-2020,action,Sony,59.99,ten,679120
Zombie Land,XBOX,2020,Action,Unknown,,8.46465656693529,
Pixel War,pc,20-01-2020,Action,EA,59.99,N/A,1M
Zombie Land,PS4,,RPG,Nintendo,59.99,8.5,778493
Pixel War,XBOX,2021,action,,,,1M
Sky Legends,Xbox,,RPG,Sony,free,ten,500k
Mystic Quest,pc,2021,rpg,EA,"39,99",,500k
Speed Racer X,Xbox,2020,rpg,EA,,8.5,500k
Sky Legends,pc,20-01-2020,Adventure,Sony,$59.99,ten,
Sky Legends,XBOX,2019,rpg,Unknown,,ten,
Pixel War,Playstation,Jan 2022,rpg,Sony,59.99,ten,1M
Pixel War,pc,2021,action,Unknown,,N/A,36466
Dragon Arena,Playstation,2018,ADVENTURE,EA,free,8.5,1M
Call of Battle,PS4,20-01-2020,rpg,Nintendo,59.99,N/A,
Pixel War,Switch,2018,Action,Unknown,,4.702046573956748,500k
Sky Legends,Xbox,2018,Shooter,,,8.5,113214
Sky Legends,PS4,2019,action,Unknown,,ten,
Call of Battle,Xbox,2021,rpg,Unknown,59.99,8.5,315546
Pixel War,XBOX,Jan 2022,ADVENTURE,EA,59.99,,
Call of Battle,Playstation,2018,Adventure,Ubisoft,59.99,,500k
Sky Legends,XBOX,2018,Shooter,EA,59.99,N/A,500k
Call of Battle,PC,Jan 2022,RPG,Unknown,,8.5,500k
Call of Battle,PS4,20-01-2020,action,,"39,99",4.584664183556098,1M
Sky Legends,PS4,20-01-2020,ADVENTURE,Sony,,ten,1M
Dragon Arena,Playstation,Jan 2022,Action,Unknown,,9.768909946923968,
Speed Racer X,XBOX,2018,RPG,Unknown,"39,99",N/A,500k
Call of Battle,Playstation,2020,ADVENTURE,Sony,free,N/A,
Zombie Land,PS4,Jan 2022,Shooter,,free,N/A,1M
Pixel War,PC,2018,RPG,Ubisoft,free,8.5,
Mystic Quest,Xbox,2018,Action,EA,$59.99,ten,1M
Call of Battle,PS4,2021,rpg,Unknown,,5.611967635694128,28537
Mystic Quest,pc,2018,Shooter,Unknown,"39,99",,500k
Zombie Land,Switch,,Action,,,8.5,1M
Pixel War,Switch,2019,action,Nintendo,$59.99,8.5,1M
Zombie Land,Xbox,2021,RPG,Sony,"39,99",ten,1M
Pixel War,Playstation,2021,Shooter,Unknown,59.99,8.5,320457
Zombie Land,Xbox,,Shooter,Sony,"39,99",,
Dragon Arena,XBOX,,Adventure,Unknown,59.99,N/A,1M
Zombie Land,Xbox,2019,rpg,Nintendo,$59.99,,1M
Mystic Quest,Switch,2020,ADVENTURE,Sony,$59.99,N/A,1M
Pixel War,XBOX,20-01-2020,Action,,free,8.5,500k
Dragon Arena,Playstation,2018,ADVENTURE,Sony,,ten,500k
Pixel War,PS4,Jan 2022,rpg,Sony,59.99,N/A,
Sky Legends,pc,,Adventure,Sony,,ten,736716
Call of Battle,XBOX,2019,Adventure,,$59.99,N/A,
Dragon Arena,Xbox,,rpg,EA,59.99,8.5,1M
Zombie Land,Xbox,2021,rpg,,,8.5,362724
Zombie Land,PC,2020,rpg,EA,59.99,8.5,500k
Mystic Quest,Switch,,action,Unknown,free,4.134702669720819,
Mystic Quest,PC,2020,Action,,59.99,ten,680445
Pixel War,XBOX,2019,Adventure,Ubisoft,,8.5,
Zombie Land,PS4,,rpg,,59.99,,415798
Pixel War,pc,2019,rpg,Unknown,free,8.5,500k
Dragon Arena,Playstation,,ADVENTURE,EA,,N/A,500k
Mystic Quest,PS4,2021,Action,Nintendo,,N/A,500k
Sky Legends,Switch,20-01-2020,rpg,Unknown,59.99,,1M
Dragon Arena,Playstation,Jan 2022,ADVENTURE,Nintendo,,8.5,329399
Speed Racer X,Xbox,2018,action,Nintendo,,,1M
Sky Legends,Switch,2021,action,Sony,,8.5,1M
Zombie Land,Xbox,2019,action,Nintendo,"39,99",5.059008736719861,500k
Call of Battle,Switch,2019,action,Sony,,,
Zombie Land,Playstation,,rpg,Sony,59.99,1.744035632078202,1M
Mystic Quest,PC,2020,action,Unknown,$59.99,,
Sky Legends,pc,2018,Shooter,EA,$59.99,ten,569373
Dragon Arena,Playstation,2021,Shooter,Ubisoft,free,8.5,313170
Zombie Land,Xbox,2020,ADVENTURE,EA,free,8.787614233386659,1M
Speed Racer X,XBOX,Jan 2022,Shooter,,$59.99,N/A,
Speed Racer X,pc,2019,ADVENTURE,Ubisoft,"39,99",2.862484486765894,500k
Sky Legends,Xbox,20-01-2020,Shooter,Ubisoft,$59.99,ten,500k
Dragon Arena,pc,Jan 2022,ADVENTURE,EA,59.99,,964398
Mystic Quest,XBOX,Jan 2022,action,,"39,99",8.5,500k
Dragon Arena,PS4,,ADVENTURE,,free,N/A,500k
Pixel War,Switch,2021,rpg,EA,,8.151387676008982,500k
Pixel War,Xbox,2021,rpg,Nintendo,,1.0222577662778627,
Pixel War,Playstation,Jan 2022,RPG,EA,"39,99",8.5,1M
Zombie Land,Xbox,2020,ADVENTURE,Nintendo,$59.99,8.5,
Dragon Arena,Xbox,Jan 2022,ADVENTURE,EA,59.99,,18072
Dragon Arena,PS4,2021,rpg,EA,free,8.5,500k
Speed Racer X,XBOX,2020,Action,,$59.99,ten,1M
Call of Battle,Switch,Jan 2022,RPG,,,,688326
Pixel War,PC,2018,action,Sony,59.99,8.5,
Call of Battle,PC,Jan 2022,RPG,EA,"39,99",8.5,501905
Speed Racer X,Switch,2018,Adventure,EA,59.99,ten,
Dragon Arena,XBOX,,ADVENTURE,Ubisoft,,8.5,72734
Sky Legends,Playstation,2019,rpg,Nintendo,,8.5,
Sky Legends,Playstation,2021,ADVENTURE,Ubisoft,59.99,8.5,789996
Sky Legends,Playstation,2021,RPG,Sony,$59.99,8.5,291421
Speed Racer X,pc,20-01-2020,Shooter,,,3.5642872900569946,500k
Speed Racer X,pc,20-01-2020,Shooter,Ubisoft,,4.525759143083382,1M
Zombie Land,Switch,2018,action,Sony,,N/A,932895
Mystic Quest,Xbox,2019,rpg,Unknown,free,8.5,
Dragon Arena,PC,2018,Shooter,EA,59.99,3.359667494458604,968394
Dragon Arena,Switch,20-01-2020,RPG,,,,
Call of Battle,Playstation,20-01-2020,Shooter,Unknown,59.99,ten,1M
Dragon Arena,PS4,20-01-2020,RPG,Sony,,6.70864822617931,
Pixel War,XBOX,2019,Action,Ubisoft,59.99,9.321649789142253,476394
Mystic Quest,Playstation,Jan 2022,Adventure,,59.99,8.5,736575
Speed Racer X,Switch,2020,Shooter,Unknown,"39,99",ten,500k
Speed Racer X,Playstation,,ADVENTURE,Nintendo,,8.977732837665904,
Mystic Quest,pc,2018,RPG,,,,500k
Call of Battle,Switch,,Shooter,Ubisoft,$59.99,2.4157898299101346,938708
Speed Racer X,Playstation,20-01-2020,Action,EA,"39,99",8.5,
Mystic Quest,Switch,2019,action,EA,,,500k
Speed Racer X,Switch,Jan 2022,RPG,Nintendo,"39,99",ten,126200
Speed Racer X,PS4,,Shooter,EA,free,,500k
Dragon Arena,XBOX,2020,RPG,EA,,ten,500k
Sky Legends,XBOX,2020,Adventure,Unknown,59.99,N/A,1M
Pixel War,pc,,ADVENTURE,Ubisoft,59.99,,1M
Sky Legends,Xbox,Jan 2022,ADVENTURE,,59.99,9.55891235929099,
Dragon Arena,Playstation,Jan 2022,RPG,EA,59.99,8.5,
Call of Battle,PS4,Jan 2022,RPG,EA,59.99,N/A,500k
Zombie Land,Playstation,2018,Shooter,EA,,,79465
Zombie Land,Playstation,2019,action,Nintendo,$59.99,,500k
Mystic Quest,Switch,2020,action,EA,59.99,N/A,1M
Call of Battle,PS4,2021,rpg,Nintendo,free,ten,1M
Zombie Land,Xbox,2021,RPG,EA,59.99,ten,867529
Speed Racer X,XBOX,,RPG,Ubisoft,59.99,ten,416492
Pixel War,Xbox,2020,ADVENTURE,Ubisoft,59.99,,1M
Call of Battle,Switch,2018,ADVENTURE,Ubisoft,59.99,8.5,1M
Dragon Arena,Switch,2020,Adventure,,,N/A,272393
Call of Battle,PC,2019,Adventure,Sony,"39,99",ten,129479
Zombie Land,PC,2019,Shooter,Sony,"39,99",,
Pixel War,Switch,2019,RPG,Ubisoft,59.99,,1M
Call of Battle,pc,20-01-2020,Shooter,Ubisoft,,,
Call of Battle,PC,2020,rpg,Ubisoft,free,N/A,262250
Zombie Land,XBOX,Jan 2022,RPG,Sony,,ten,500k
Zombie Land,Xbox,2019,Action,Nintendo,,ten,
Sky Legends,Xbox,,Shooter,Ubisoft,59.99,8.5,280473
Dragon Arena,PS4,20-01-2020,ADVENTURE,Sony,$59.99,8.5,1M
Sky Legends,Xbox,,Adventure,,$59.99,9.225820037156808,500k
Sky Legends,pc,2019,Shooter,Ubisoft,"39,99",,500k
Speed Racer X,Switch,2018,Action,EA,59.99,6.414965078005793,
Call of Battle,Xbox,20-01-2020,action,Ubisoft,$59.99,ten,63448
Speed Racer X,pc,Jan 2022,action,EA,"39,99",ten,500k
Pixel War,Playstation,2021,Shooter,EA,$59.99,8.5,
Dragon Arena,Playstation,2021,Adventure,Nintendo,59.99,N/A,500k
Speed Racer X,Playstation,20-01-2020,ADVENTURE,Ubisoft,free,ten,1M
Pixel War,PC,Jan 2022,Shooter,Sony,"39,99",N/A,1M
Sky Legends,Xbox,,Shooter,Ubisoft,,,500k
Pixel War,PC,2019,RPG,Nintendo,59.99,6.725680932163314,500k
Zombie Land,PC,2020,action,Ubisoft,,ten,826250
Pixel War,PC,2018,rpg,Sony,,8.5,
Zombie Land,Switch,2020,Shooter,Sony,59.99,N/A,1M
Speed Racer X,Switch,2018,ADVENTURE,EA,$59.99,ten,998890
Call of Battle,Xbox,2019,rpg,Ubisoft,,1.67502178939742,
Pixel War,PC,2021,Adventure,Ubisoft,,8.5,57157
Mystic Quest,PS4,2019,rpg,,,N/A,500k
Mystic Quest,PS4,2018,Action,Sony,,,162050
Mystic Quest,PC,2021,Action,Nintendo,"39,99",N/A,1M
Call of Battle,PC,2019,action,,$59.99,,885756
Mystic Quest,XBOX,2021,rpg,Sony,,N/A,1M
Mystic Quest,Switch,2020,action,Sony,59.99,,1M
Dragon Arena,Xbox,20-01-2020,Action,Ubisoft,"39,99",7.268238559419037,500k
Dragon Arena,pc,2021,ADVENTURE,Unknown,59.99,,
Sky Legends,Playstation,,rpg,Unknown,59.99,5.2863605297332175,414982
Sky Legends,pc,20-01-2020,ADVENTURE,Unknown,,8.5,
Speed Racer X,PS4,2019,ADVENTURE,Ubisoft,59.99,1.3840831057010146,
Speed Racer X,XBOX,Jan 2022,action,Unknown,$59.99,3.8777453988584902,
Sky Legends,Switch,20-01-2020,RPG,Nintendo,,5.123414630103537,
Call of Battle,Switch,2019,action,Unknown,,6.244093781898888,970857
Sky Legends,XBOX,2018,ADVENTURE,Nintendo,"39,99",ten,
Mystic Quest,Switch,Jan 2022,rpg,Unknown,,8.5,
Speed Racer X,pc,20-01-2020,Adventure,,free,ten,1M
Call of Battle,Playstation,2021,RPG,Nintendo,59.99,ten,500k
Dragon Arena,Switch,,Adventure,,59.99,8.5,500k
Pixel War,Switch,,ADVENTURE,Nintendo,$59.99,N/A,677913
Speed Racer X,Switch,2019,ADVENTURE,Sony,,N/A,500k
Dragon Arena,PC,20-01-2020,ADVENTURE,Ubisoft,59.99,N/A,1M
Dragon Arena,XBOX,20-01-2020,Shooter,EA,59.99,8.5,878633
Speed Racer X,PC,2021,Action,Nintendo,,ten,
Sky Legends,Switch,Jan 2022,Action,,59.99,,
Speed Racer X,XBOX,2021,Shooter,Unknown,$59.99,ten,786342
Mystic Quest,PC,2021,Action,Ubisoft,"39,99",8.5,1M
Pixel War,PS4,Jan 2022,action,Nintendo,,4.685564768459879,907630
Zombie Land,PS4,Jan 2022,action,Unknown,"39,99",ten,500k
Pixel War,Playstation,Jan 2022,RPG,Sony,free,,1M
Zombie Land,Xbox,Jan 2022,Shooter,Unknown,free,6.2603844025791355,500k
Sky Legends,Playstation,20-01-2020,Shooter,Nintendo,$59.99,,500k
Mystic Quest,Playstation,2020,ADVENTURE,Nintendo,$59.99,ten,1M
Sky Legends,XBOX,2019,Action,Unknown,free,8.5,757320
Pixel War,Switch,2020,RPG,Sony,free,4.494474289049125,1M
Mystic Quest,Playstation,Jan 2022,action,,,,500k
Sky Legends,Xbox,,action,,,2.6302227202360067,1M
Pixel War,Xbox,Jan 2022,ADVENTURE,Unknown,"39,99",ten,687224
Speed Racer X,Xbox,2019,Adventure,Nintendo,free,ten,500k
Sky Legends,Xbox,2021,ADVENTURE,EA,free,N/A,609502
Zombie Land,PS4,20-01-2020,Action,,free,,1M
Speed Racer X,PS4,2020,rpg,Unknown,free,8.5,817779
Zombie Land,Xbox,Jan 2022,action,Nintendo,,,1M
Dragon Arena,XBOX,2019,Shooter,Ubisoft,free,8.066898151279407,
Pixel War,Switch,2021,rpg,Sony,free,N/A,500k
Call of Battle,Xbox,,ADVENTURE,Unknown,59.99,1.1612451306785143,1M
Speed Racer X,Playstation,2020,RPG,Ubisoft,59.99,N/A,1M
Call of Battle,XBOX,2018,RPG,Nintendo,free,N/A,500k
Zombie Land,Playstation,2019,RPG,Sony,$59.99,8.5,
Call of Battle,PS4,2019,Adventure,Ubisoft,59.99,N/A,1M
Call of Battle,Xbox,Jan 2022,Adventure,EA,free,ten,809713
Sky Legends,PC,Jan 2022,Action,,"39,99",1.1776758986273066,
Zombie Land,PC,20-01-2020,RPG,Sony,,2.378143883119927,
Pixel War,PC,Jan 2022,Shooter,Nintendo,,8.5,440170
Sky Legends,Playstation,20-01-2020,Action,Nintendo,59.99,,1M
Dragon Arena,Xbox,,Shooter,Ubisoft,$59.99,ten,169163
Sky Legends,Switch,2019,Adventure,Sony,$59.99,3.1105473937440067,705258
Call of Battle,XBOX,20-01-2020,Adventure,Sony,59.99,N/A,79693
Mystic Quest,Playstation,2019,rpg,Nintendo,$59.99,5.178496215125335,1M
Dragon Arena,PC,,RPG,Nintendo,"39,99",,775415
Call of Battle,XBOX,,Action,EA,"39,99",8.5,500k
Zombie Land,pc,2020,Adventure,EA,$59.99,8.5,
Zombie Land,Switch,2020,ADVENTURE,Sony,,,1M
Call of Battle,PS4,Jan 2022,Adventure,EA,"39,99",,
Dragon Arena,pc,Jan 2022,rpg,Ubisoft,,ten,642055
Dragon Arena,Playstation,,Adventure,Ubisoft,free,9.283581870742925,
Zombie Land,PC,2018,RPG,,$59.99,N/A,1M
Pixel War,XBOX,2020,Shooter,Unknown,,7.305221658677989,1M
Zombie Land,Xbox,Jan 2022,Adventure,,free,N/A,936394
Call of Battle,Playstation,2019,Shooter,Sony,"39,99",8.5,
Mystic Quest,PS4,2020,RPG,EA,,,1M
Call of Battle,Switch,2021,ADVENTURE,Unknown,free,,500k
Call of Battle,Switch,Jan 2022,Adventure,EA,59.99,4.630956930749468,585194
Dragon Arena,PC,,Shooter,Unknown,,N/A,1M
Pixel War,Playstation,2021,RPG,Nintendo,"39,99",8.5,
Mystic Quest,pc,,Shooter,Unknown,free,ten,
Call of Battle,PC,,Adventure,Ubisoft,59.99,ten,500k
Pixel War,PC,2018,action,Sony,59.99,,500k
Sky Legends,PS4,2019,Action,Sony,59.99,8.5,500k
Call of Battle,XBOX,2021,Action,,"39,99",7.049275951827317,
Zombie Land,Playstation,20-01-2020,Shooter,Ubisoft,free,1.0390386490023062,
Dragon Arena,pc,2021,Shooter,Ubisoft,,8.5,
Pixel War,pc,20-01-2020,RPG,Unknown,free,N/A,1M
Mystic Quest,Switch,2020,RPG,Sony,"39,99",,500k
Dragon Arena,Playstation,20-01-2020,ADVENTURE,Nintendo,,N/A,1M
Speed Racer X,PS4,20-01-2020,Adventure,Nintendo,,8.5,1M
Sky Legends,pc,Jan 2022,Adventure,Nintendo,,ten,
Sky Legends,pc,Jan 2022,Adventure,Sony,,N/A,
Dragon Arena,PC,20-01-2020,Action,EA,free,2.30794040469516,500k
Dragon Arena,XBOX,2019,RPG,,$59.99,2.3178555112662638,500k
Speed Racer X,XBOX,20-01-2020,Action,Nintendo,"39,99",N/A,1M
Pixel War,Playstation,20-01-2020,rpg,Ubisoft,,ten,727596
Zombie Land,Switch,2021,ADVENTURE,,$59.99,9.692498922117958,500k
Speed Racer X,pc,,ADVENTURE,Sony,"39,99",ten,1M
Dragon Arena,Playstation,2019,RPG,Sony,59.99,9.851079912065936,1M
Pixel War,pc,2018,rpg,EA,free,ten,1M
Sky Legends,XBOX,2020,Action,Nintendo,free,8.5,1M
Mystic Quest,pc,2018,ADVENTURE,,,ten,500k
Call of Battle,XBOX,Jan 2022,RPG,Unknown,59.99,N/A,1M
Zombie Land,pc,20-01-2020,rpg,EA,$59.99,8.5,500k
Mystic Quest,Xbox,2020,action,Unknown,,N/A,864699
Call of Battle,Playstation,2020,rpg,Ubisoft,,N/A,256671
Pixel War,Xbox,2021,ADVENTURE,EA,free,ten,500k
Sky Legends,XBOX,20-01-2020,rpg,Sony,59.99,8.5,336872
Call of Battle,PS4,,Shooter,Unknown,59.99,8.5,1M
Dragon Arena,Playstation,2021,ADVENTURE,EA,59.99,,678968
Pixel War,Playstation,2019,Action,Sony,,3.9854383792055903,77806
Speed Racer X,XBOX,2020,Shooter,EA,,ten,
Zombie Land,Playstation,2021,rpg,Nintendo,59.99,4.5055168051994485,561814
Pixel War,Playstation,20-01-2020,Action,,,1.4096516840751332,376075
Mystic Quest,XBOX,Jan 2022,RPG,Unknown,59.99,,
Dragon Arena,Playstation,2018,rpg,Ubisoft,,,500k
Pixel War,PS4,2020,Adventure,,,4.358174634102916,1M
Call of Battle,PC,2018,Shooter,Unknown,free,5.8343684369901485,1M
Pixel War,Playstation,Jan 2022,RPG,Ubisoft,free,N/A,1M
Speed Racer X,PS4,20-01-2020,ADVENTURE,Nintendo,59.99,N/A,894650
Dragon Arena,XBOX,20-01-2020,rpg,,,1.6583011494269517,263865
Speed Racer X,Playstation,20-01-2020,rpg,Nintendo,$59.99,8.5,500k
Sky Legends,PC,2019,RPG,Sony,free,ten,1M
Sky Legends,pc,2020,ADVENTURE,Nintendo,free,ten,1M
Pixel War,Playstation,Jan 2022,rpg,Nintendo,"39,99",ten,
Zombie Land,Switch,2020,ADVENTURE,Nintendo,free,8.5,677909
Dragon Arena,Xbox,,ADVENTURE,Ubisoft,,2.7678873640977724,763760
Call of Battle,XBOX,20-01-2020,Adventure,EA,"39,99",,1M
Call of Battle,pc,2020,Shooter,Unknown,free,8.5,
Speed Racer X,XBOX,20-01-2020,Adventure,Nintendo,59.99,N/A,
Mystic Quest,pc,2018,Adventure,Ubisoft,"39,99",N/A,1M
Dragon Arena,pc,2019,rpg,Ubisoft,59.99,N/A,1M
Pixel War,Playstation,2021,RPG,EA,59.99,8.5,500k
Mystic Quest,PS4,2018,Adventure,Ubisoft,,ten,
Zombie Land,PC,2018,Adventure,Nintendo,59.99,N/A,500k
Dragon Arena,Playstation,2020,Shooter,Unknown,,,384041
Sky Legends,Xbox,2021,action,Unknown,free,ten,
Sky Legends,PC,20-01-2020,action,Sony,59.99,N/A,500k
Speed Racer X,PS4,2019,action,Nintendo,,7.455724376086859,1M
Zombie Land,XBOX,2020,Adventure,EA,free,,1M
Pixel War,XBOX,2021,Action,Ubisoft,59.99,N/A,1M
Pixel War,pc,2018,Shooter,Ubisoft,59.99,8.5,
Sky Legends,pc,Jan 2022,Action,,,ten,994267
Speed Racer X,Switch,20-01-2020,rpg,Sony,59.99,,1M
Dragon Arena,pc,,ADVENTURE,Ubisoft,,ten,500k
Zombie Land,pc,20-01-2020,Action,Ubisoft,free,4.469156944676628,1M
Sky Legends,XBOX,20-01-2020,Adventure,Sony,"39,99",2.3460507426381043,
Sky Legends,pc,2018,ADVENTURE,Unknown,,7.7714483593229025,1M
Sky Legends,pc,,Action,,,,389368
Pixel War,pc,2021,action,Sony,"39,99",ten,618661
Zombie Land,PS4,2020,rpg,Ubisoft,"39,99",N/A,
Mystic Quest,PS4,2018,Adventure,,"39,99",N/A,124552
Zombie Land,Playstation,2019,Adventure,Nintendo,free,8.5,500k
Mystic Quest,XBOX,20-01-2020,rpg,Unknown,$59.99,,1M
Zombie Land,pc,,Shooter,Sony,59.99,N/A,500k
Mystic Quest,pc,2020,ADVENTURE,,free,7.6220418754414965,1M
Zombie Land,XBOX,Jan 2022,action,EA,59.99,ten,840756
Speed Racer X,Switch,Jan 2022,Action,EA,"39,99",N/A,457526
Call of Battle,Xbox,2019,RPG,EA,,,
Sky Legends,Playstation,20-01-2020,RPG,,,8.5,
Zombie Land,PC,2019,ADVENTURE,,"39,99",8.5,1M
Sky Legends,PS4,Jan 2022,Action,Nintendo,59.99,8.5,500k
Dragon Arena,Switch,2020,Adventure,Sony,free,N/A,17112
Call of Battle,pc,2020,Adventure,Unknown,,ten,1M
Zombie Land,Switch,20-01-2020,Action,Nintendo,59.99,4.664211634964815,586766
Sky Legends,Xbox,2020,Action,Unknown,$59.99,N/A,
Zombie Land,pc,2021,ADVENTURE,Ubisoft,"39,99",,
Sky Legends,XBOX,2018,rpg,EA,$59.99,8.5,1M
Dragon Arena,Xbox,2021,RPG,Unknown,,ten,500k
Call of Battle,Switch,Jan 2022,Adventure,Nintendo,59.99,8.5,500k
Mystic Quest,PS4,20-01-2020,RPG,Ubisoft,,8.5,1M
Speed Racer X,Playstation,2019,ADVENTURE,Nintendo,59.99,8.5,500k
Speed Racer X,XBOX,2018,Action,EA,,,644644
Dragon Arena,XBOX,20-01-2020,Action,Sony,$59.99,,500k
Zombie Land,PS4,,Shooter,Nintendo,free,N/A,135475
Sky Legends,XBOX,2021,rpg,Unknown,59.99,,1M
Zombie Land,PC,Jan 2022,Shooter,Sony,$59.99,7.202894941536839,1M
Zombie Land,pc,2018,RPG,Nintendo,,8.5,500k
Speed Racer X,Xbox,2021,Shooter,Nintendo,$59.99,,
Pixel War,XBOX,2020,RPG,Sony,$59.99,N/A,1M
Dragon Arena,PC,Jan 2022,RPG,Ubisoft,,,1M
Dragon Arena,Playstation,2019,rpg,EA,59.99,8.5,500k
Dragon Arena,Switch,2020,RPG,Unknown,"39,99",,1M
Call of Battle,PS4,,RPG,Sony,"39,99",,500k
Mystic Quest,Xbox,2020,Shooter,Unknown,"39,99",3.319433429071773,432762
Mystic Quest,XBOX,Jan 2022,Shooter,Ubisoft,,N/A,500k
Mystic Quest,Xbox,Jan 2022,Shooter,Sony,"39,99",7.628735482859396,500k
Zombie Land,Playstation,2019,ADVENTURE,Ubisoft,,ten,
Dragon Arena,PC,2018,action,Nintendo,59.99,ten,500k
Sky Legends,Playstation,2021,RPG,Sony,"39,99",ten,
Zombie Land,PS4,2019,ADVENTURE,EA,59.99,ten,987120
Speed Racer X,PS4,2021,Action,EA,59.99,,576074
Call of Battle,XBOX,2021,Shooter,EA,59.99,8.5,
Mystic Quest,PS4,2019,Adventure,Nintendo,free,8.5,1M
Call of Battle,PC,Jan 2022,RPG,Nintendo,"39,99",N/A,500k
Sky Legends,Switch,2019,Adventure,Unknown,59.99,,
Sky Legends,Playstation,Jan 2022,Shooter,Nintendo,$59.99,8.5,844797
Zombie Land,Xbox,2020,rpg,Nintendo,59.99,3.7321562401578006,1M
Mystic Quest,Xbox,2021,Shooter,EA,,,315164
Dragon Arena,Switch,,RPG,Unknown,59.99,N/A,1M
Zombie Land,pc,2021,rpg,Ubisoft,59.99,,
Speed Racer X,Xbox,2018,rpg,,59.99,N/A,500k
Mystic Quest,Playstation,Jan 2022,Shooter,Nintendo,free,2.692005631933646,1M
Mystic Quest,PC,Jan 2022,rpg,Unknown,free,N/A,1M
Mystic Quest,PC,2019,Action,Unknown,59.99,2.673438383273731,500k
Speed Racer X,Playstation,2021,Adventure,EA,59.99,1.81177284833903,1M
Mystic Quest,Switch,2020,ADVENTURE,Sony,$59.99,5.173160204830864,347290
Dragon Arena,XBOX,2019,Action,Nintendo,"39,99",N/A,1M
Speed Racer X,XBOX,2020,ADVENTURE,Sony,"39,99",8.5,
Speed Racer X,Playstation,2018,action,Sony,,N/A,1M
Zombie Land,Switch,Jan 2022,RPG,Nintendo,59.99,6.6624782871762935,781900
Mystic Quest,Switch,Jan 2022,RPG,Ubisoft,$59.99,8.5,1M
Pixel War,Switch,2020,Action,Ubisoft,"39,99",3.48490039454603,1M
Call of Battle,PC,20-01-2020,ADVENTURE,,free,8.5,390439
Speed Racer X,PS4,2021,Action,,,4.045798870754533,500k
Pixel War,PS4,Jan 2022,Shooter,EA,59.99,ten,500k
Dragon Arena,Switch,Jan 2022,action,EA,,8.5,263874
Zombie Land,Playstation,2021,Shooter,Nintendo,,8.5,1M
Sky Legends,Xbox,2020,Adventure,Sony,$59.99,N/A,1M
Call of Battle,pc,2019,rpg,Nintendo,"39,99",ten,477136
Dragon Arena,Playstation,20-01-2020,rpg,,59.99,N/A,500k
Dragon Arena,pc,2019,RPG,,59.99,N/A,
Speed Racer X,pc,Jan 2022,rpg,Unknown,59.99,ten,500k
Call of Battle,PC,20-01-2020,Adventure,EA,59.99,8.5,188316
Speed Racer X,PC,2021,action,EA,59.99,,
Sky Legends,pc,Jan 2022,Shooter,Nintendo,59.99,N/A,753715
Call of Battle,PS4,Jan 2022,rpg,EA,free,8.209179541097956,
Dragon Arena,Xbox,,Adventure,EA,"39,99",N/A,43627
Dragon Arena,Xbox,2018,action,Unknown,59.99,8.5,
Speed Racer X,PS4,20-01-2020,Adventure,Ubisoft,,8.5,
Pixel War,PC,,Adventure,Unknown,$59.99,,926708
Speed Racer X,XBOX,2019,Shooter,Sony,,8.5,
Mystic Quest,Xbox,20-01-2020,RPG,Nintendo,free,,500k
Sky Legends,PS4,20-01-2020,Shooter,Ubisoft,free,ten,
Zombie Land,Switch,2018,Adventure,EA,$59.99,N/A,500k
Call of Battle,Xbox,2019,action,Nintendo,59.99,ten,1M
Call of Battle,PC,2021,RPG,Ubisoft,59.99,N/A,1M
Mystic Quest,XBOX,2020,Action,Unknown,free,8.5,770933
Pixel War,Xbox,,rpg,Ubisoft,free,N/A,860324
Sky Legends,Playstation,2020,Action,,"39,99",6.186553265407048,819017
Dragon Arena,Xbox,2020,ADVENTURE,Sony,free,9.372214755493998,1M
Pixel War,Playstation,,Shooter,EA,,,500k
Sky Legends,PC,2020,Shooter,Unknown,59.99,8.5,161639
Pixel War,Playstation,2021,rpg,Unknown,,8.5,500k
Dragon Arena,Switch,2019,action,Nintendo,59.99,5.282691889576355,
Mystic Quest,PC,2021,Shooter,Sony,"39,99",8.5,1M
Zombie Land,Switch,Jan 2022,Shooter,Ubisoft,,N/A,1M
Call of Battle,Xbox,,rpg,Nintendo,,9.317242728055746,
Zombie Land,Xbox,2020,action,Nintendo,$59.99,6.344894341369634,500k
Speed Racer X,Xbox,20-01-2020,ADVENTURE,Sony,,2.312366276712498,1M
Speed Racer X,Playstation,2020,action,,"39,99",1.7723299563776371,1M
Dragon Arena,XBOX,,RPG,EA,$59.99,7.244157025505058,
Zombie Land,PC,2020,action,,,N/A,500k
Sky Legends,Switch,20-01-2020,Adventure,Ubisoft,,7.288797088074276,395900
Mystic Quest,PS4,2018,RPG,Ubisoft,"39,99",ten,
Pixel War,PC,2018,rpg,,$59.99,ten,907265
Call of Battle,Xbox,,Adventure,Sony,59.99,N/A,745162
Mystic Quest,Switch,,Shooter,Unknown,59.99,N/A,481233
Call of Battle,PS4,20-01-2020,RPG,Nintendo,free,8.5,500k
Pixel War,Xbox,2020,Adventure,Nintendo,59.99,N/A,290279
Pixel War,Xbox,2021,ADVENTURE,EA,,8.5,500k
Zombie Land,Playstation,2019,Action,,free,N/A,1M
Zombie Land,PS4,20-01-2020,action,Sony,$59.99,ten,1M
Speed Racer X,Playstation,2019,Shooter,Unknown,,8.5,1M
Zombie Land,XBOX,2019,Adventure,Unknown,59.99,N/A,559850
Speed Racer X,Xbox,,action,,59.99,,500k
Zombie Land,Playstation,,Adventure,,$59.99,8.5,1M
Speed Racer X,PC,,Shooter,Unknown,$59.99,N/A,1M
Speed Racer X,Playstation,2018,RPG,EA,,8.5,
Pixel War,Playstation,2020,action,Sony,free,8.5,1M
Call of Battle,Switch,,Action,Nintendo,free,8.5,1M
Call of Battle,PS4,2021,ADVENTURE,Unknown,free,,1M
Zombie Land,Switch,,Action,Unknown,,ten,414296
Sky Legends,PC,2021,rpg,EA,59.99,,771881
Sky Legends,Switch,20-01-2020,ADVENTURE,,59.99,,500k
Dragon Arena,XBOX,2020,rpg,Ubisoft,free,3.649777528034213,1M
Zombie Land,XBOX,Jan 2022,rpg,EA,,8.5,1M
Zombie Land,Switch,2020,rpg,EA,59.99,8.5,
Call of Battle,Xbox,2020,Adventure,,,8.168376002281503,96620
Pixel War,Switch,Jan 2022,RPG,EA,,N/A,1M
Zombie Land,pc,2021,Action,Ubisoft,$59.99,8.5,1M
Speed Racer X,XBOX,Jan 2022,Action,Sony,$59.99,,1M
Call of Battle,PS4,2019,Action,Unknown,"39,99",,
Sky Legends,XBOX,2018,Shooter,Sony,59.99,,
Zombie Land,PC,20-01-2020,Shooter,EA,59.99,ten,1M
Call of Battle,PS4,2019,Action,,$59.99,1.3304894664017084,500k
Mystic Quest,PC,2018,Action,Sony,59.99,ten,1M
Zombie Land,Playstation,20-01-2020,RPG,EA,59.99,ten,
Dragon Arena,PC,,rpg,Unknown,59.99,8.5,500k
Mystic Quest,pc,2021,Shooter,Ubisoft,,2.8814588227010045,115611
Zombie Land,Playstation,Jan 2022,Shooter,,$59.99,ten,500k
Speed Racer X,pc,20-01-2020,rpg,Unknown,,,1M
Sky Legends,PS4,Jan 2022,RPG,Ubisoft,59.99,,656843
Pixel War,XBOX,2019,ADVENTURE,Unknown,free,ten,1M
Call of Battle,Playstation,2019,Adventure,Nintendo,$59.99,ten,500k
Dragon Arena,PC,2018,Adventure,Nintendo,$59.99,N/A,646915
Dragon Arena,PS4,2019,RPG,Nintendo,,,836981
Pixel War,PS4,2021,action,,free,N/A,500k
Zombie Land,XBOX,,rpg,,59.99,ten,500k
Sky Legends,pc,2018,action,Unknown,,ten,1M
Mystic Quest,XBOX,2018,RPG,Sony,,8.5,
Speed Racer X,pc,2018,ADVENTURE,Nintendo,,8.72037529819082,
Call of Battle,Switch,2019,RPG,Sony,"39,99",8.5,500k
Speed Racer X,PC,2020,ADVENTURE,EA,"39,99",2.818885722906773,466330
Dragon Arena,Switch,20-01-2020,action,Ubisoft,$59.99,N/A,500k
Speed Racer X,XBOX,,Action,Unknown,,8.5,760767
Zombie Land,Switch,Jan 2022,ADVENTURE,Unknown,59.99,1.0369888231071214,721426
Mystic Quest,Switch,2018,Action,Unknown,"39,99",ten,500k
Pixel War,PS4,2020,action,Ubisoft,$59.99,ten,
Pixel War,PC,2020,action,Ubisoft,$59.99,N/A,587810
Speed Racer X,pc,2020,Shooter,Nintendo,$59.99,ten,1M
Speed Racer X,PC,2020,Shooter,Nintendo,,8.5,
Pixel War,PC,2018,rpg,EA,59.99,8.5,
Sky Legends,Xbox,2020,RPG,Ubisoft,,N/A,
Sky Legends,PS4,2018,ADVENTURE,,free,ten,
Zombie Land,PS4,2019,action,Unknown,$59.99,,500k
Dragon Arena,XBOX,2020,rpg,Sony,59.99,1.5882867893428299,
Zombie Land,XBOX,2019,RPG,Nintendo,,N/A,
Dragon Arena,Playstation,,Action,Nintendo,,ten,
Zombie Land,pc,2021,action,Unknown,59.99,,403460
Mystic Quest,PS4,,Adventure,Unknown,free,,500k
Sky Legends,Playstation,2019,action,,,N/A,
Call of Battle,pc,20-01-2020,rpg,Nintendo,,,500k
Zombie Land,PC,20-01-2020,Action,,"39,99",,
Pixel War,Playstation,2018,Action,Ubisoft,"39,99",N/A,948132
Dragon Arena,PS4,Jan 2022,action,Sony,,N/A,
Speed Racer X,PS4,Jan 2022,RPG,Nintendo,,ten,
Pixel War,Xbox,2018,Shooter,EA,,,1M
Dragon Arena,Xbox,2018,RPG,Unknown,59.99,N/A,500k
Call of Battle,XBOX,2020,ADVENTURE,EA,59.99,N/A,500k
Pixel War,Switch,2021,rpg,Sony,,8.5,1M
Speed Racer X,pc,2021,ADVENTURE,Nintendo,"39,99",ten,1M
Speed Racer X,PC,2018,Adventure,EA,59.99,,
Speed Racer X,PC,2019,Adventure,Sony,"39,99",N/A,
Sky Legends,PS4,2021,Shooter,Sony,,,1M
Speed Racer X,Switch,20-01-2020,Action,Unknown,free,8.5,500k
Zombie Land,pc,20-01-2020,RPG,EA,59.99,ten,
Pixel War,PC,2019,Adventure,,,ten,488521
Sky Legends,pc,2018,action,Sony,,7.675174996060374,500k
Sky Legends,PC,2020,Shooter,EA,free,,500k
Zombie Land,Xbox,,RPG,Nintendo,59.99,N/A,500k
Pixel War,XBOX,20-01-2020,RPG,EA,,8.5,601687
Pixel War,Xbox,,Adventure,Unknown,59.99,3.5813408893558503,133981
Dragon Arena,XBOX,2020,RPG,Ubisoft,,ten,15892
Sky Legends,PS4,20-01-2020,Adventure,Ubisoft,,8.5,1M
Zombie Land,PS4,,Shooter,EA,$59.99,8.5,1M
Dragon Arena,Switch,,rpg,Sony,59.99,8.5,500k
Call of Battle,Playstation,2020,ADVENTURE,EA,59.99,,500k
Zombie Land,Playstation,,Shooter,Ubisoft,free,,500k
Speed Racer X,pc,,rpg,EA,$59.99,,500k
Sky Legends,Playstation,2018,Action,Unknown,,,500k
Mystic Quest,Xbox,2020,ADVENTURE,EA,$59.99,,1M
Pixel War,Playstation,20-01-2020,ADVENTURE,Ubisoft,,8.5,329487
Pixel War,PC,,Action,EA,free,1.8792888352824626,
Mystic Quest,PS4,Jan 2022,RPG,Nintendo,59.99,N/A,97407
Sky Legends,Playstation,,action,Unknown,,2.0961111811747837,1M
Zombie Land,Playstation,,Adventure,Unknown,"39,99",9.704489578775446,1M
Mystic Quest,Xbox,2021,Adventure,EA,,ten,
Pixel War,Playstation,,ADVENTURE,Nintendo,$59.99,2.4576942848159495,291756
Zombie Land,Switch,2020,Action,Nintendo,"39,99",,
Speed Racer X,pc,2021,action,,free,N/A,
Speed Racer X,pc,Jan 2022,Action,Sony,,3.3309663081883194,77461
Sky Legends,Playstation,2020,ADVENTURE,Sony,59.99,8.5,685578
Call of Battle,Playstation,2021,RPG,Ubisoft,,,603553
Sky Legends,Playstation,,rpg,Sony,free,4.635214765343385,1M
Call of Battle,Switch,Jan 2022,ADVENTURE,Sony,59.99,ten,500k
Zombie Land,PC,Jan 2022,Adventure,EA,$59.99,ten,
Dragon Arena,XBOX,2020,Adventure,Ubisoft,59.99,,1M
Mystic Quest,Playstation,2021,Action,,,4.233350093502789,
Pixel War,PS4,2019,Action,Ubisoft,59.99,N/A,
Zombie Land,PC,,Shooter,,$59.99,,18215
Mystic Quest,PC,2020,ADVENTURE,,59.99,8.5,
Pixel War,XBOX,,Shooter,Ubisoft,,6.21411141080313,1M
Zombie Land,Playstation,2018,rpg,Unknown,59.99,8.5,1M
Pixel War,PC,2020,ADVENTURE,EA,free,N/A,68064
Call of Battle,Switch,20-01-2020,ADVENTURE,Unknown,59.99,8.5,500k
Dragon Arena,XBOX,Jan 2022,Adventure,Sony,$59.99,N/A,1M
Mystic Quest,XBOX,,action,EA,,2.56102883830319,500k
Speed Racer X,XBOX,2021,action,,$59.99,,256479
Speed Racer X,PC,,ADVENTURE,,,8.5,
Call of Battle,PC,2018,action,EA,,ten,
Pixel War,PS4,2019,action,,$59.99,,1M
Sky Legends,Playstation,2018,Shooter,Ubisoft,,5.498988714132072,500k
Mystic Quest,Switch,2018,Shooter,Ubisoft,59.99,N/A,500k
Dragon Arena,XBOX,20-01-2020,Shooter,Ubisoft,free,8.5,290854
Speed Racer X,PC,,action,,"39,99",,1M
Speed Racer X,Playstation,2018,Action,,$59.99,,500k
Sky Legends,XBOX,,rpg,EA,59.99,N/A,1M
Dragon Arena,PC,2021,Shooter,EA,59.99,,500k
Zombie Land,PS4,Jan 2022,Adventure,Nintendo,59.99,ten,239846
Speed Racer X,Playstation,2021,ADVENTURE,Ubisoft,free,9.022286347940302,
Call of Battle,Switch,2019,action,Unknown,free,ten,
Pixel War,PS4,Jan 2022,RPG,Nintendo,59.99,4.023022034353806,726835
Mystic Quest,PS4,2018,ADVENTURE,Sony,free,ten,500k
Sky Legends,PS4,,ADVENTURE,,,N/A,1M
Call of Battle,Switch,,Shooter,Sony,"39,99",N/A,
Mystic Quest,PC,Jan 2022,rpg,,"39,99",ten,1M
Sky Legends,PS4,20-01-2020,Action,Sony,59.99,,770105
Zombie Land,pc,2021,rpg,,"39,99",,253194
Sky Legends,XBOX,2018,Adventure,,free,8.5,500k
Speed Racer X,Playstation,2018,Action,Sony,,,900596
Zombie Land,Switch,,action,,free,ten,
Pixel War,Playstation,2018,ADVENTURE,,59.99,ten,557710
Mystic Quest,Switch,,RPG,,,8.5,826954
Sky Legends,Xbox,Jan 2022,Action,Unknown,,4.2759146987781005,
Mystic Quest,Switch,20-01-2020,Action,Nintendo,$59.99,N/A,740113
Sky Legends,Playstation,,action,Ubisoft,$59.99,3.147694348221305,
Pixel War,XBOX,20-01-2020,ADVENTURE,,59.99,8.5,500k
Mystic Quest,pc,Jan 2022,rpg,Nintendo,59.99,ten,
Sky Legends,pc,,Action,Sony,,N/A,500k
Zombie Land,pc,2020,ADVENTURE,,,8.279162889739572,
Call of Battle,PC,2021,action,Nintendo,59.99,ten,1M
Zombie Land,PS4,,action,Unknown,,,1M
Zombie Land,Xbox,2021,rpg,,,8.5,67007
Dragon Arena,XBOX,2019,ADVENTURE,Unknown,,N/A,500k
Zombie Land,pc,Jan 2022,Adventure,Unknown,"39,99",,1M
Dragon Arena,Xbox,2019,ADVENTURE,Nintendo,59.99,ten,808141
Speed Racer X,Xbox,2020,rpg,Ubisoft,,N/A,1M
Speed Racer X,XBOX,Jan 2022,Adventure,,"39,99",8.5,123596
Mystic Quest,pc,2019,rpg,Nintendo,$59.99,N/A,742484
Pixel War,Xbox,2020,action,Nintendo,free,8.5,500k
Call of Battle,PC,2021,rpg,Ubisoft,free,8.5,500k
Pixel War,Playstation,2020,rpg,Nintendo,"39,99",N/A,1M
Dragon Arena,pc,Jan 2022,rpg,Nintendo,,,944901
Speed Racer X,Playstation,20-01-2020,Action,Nintendo,59.99,8.5,500k
Call of Battle,Xbox,2018,Shooter,,59.99,8.5,500k
Speed Racer X,PC,2018,Shooter,Sony,,7.04401998682777,
Speed Racer X,Switch,2020,Shooter,Unknown,,ten,1M
Pixel War,XBOX,2021,RPG,Sony,$59.99,ten,500k
Zombie Land,XBOX,20-01-2020,Action,Ubisoft,,,
Mystic Quest,PS4,,Adventure,Sony,,8.5,877097
Speed Racer X,PS4,2020,rpg,Unknown,$59.99,N/A,
Call of Battle,PC,2021,Adventure,Nintendo,free,,1M
Speed Racer X,PS4,,rpg,Nintendo,,ten,500k
Zombie Land,pc,Jan 2022,rpg,Ubisoft,59.99,8.5,500k
Pixel War,XBOX,Jan 2022,rpg,EA,,ten,1M
Zombie Land,Playstation,Jan 2022,action,EA,59.99,,500k
Sky Legends,Switch,20-01-2020,rpg,Nintendo,,7.173215525480854,392330
Dragon Arena,Xbox,2019,Shooter,EA,59.99,8.5,1M
Call of Battle,Xbox,2020,rpg,,$59.99,ten,556338
Sky Legends,PS4,,Adventure,Ubisoft,"39,99",8.5,500k
Dragon Arena,Xbox,,ADVENTURE,,"39,99",ten,500k
Dragon Arena,PS4,2018,action,Unknown,$59.99,,500k
Speed Racer X,PC,2019,action,Unknown,59.99,N/A,644226
Zombie Land,Switch,2018,Action,Ubisoft,59.99,ten,500k
Speed Racer X,XBOX,2021,Shooter,Unknown,"39,99",8.5,500k
Call of Battle,Playstation,,Action,Ubisoft,59.99,8.5,1M
Mystic Quest,PS4,2019,action,EA,free,7.217363229894735,82511
Dragon Arena,Switch,,rpg,EA,59.99,N/A,622990
Zombie Land,PC,2020,Action,EA,$59.99,7.008277811798837,821375
Sky Legends,PS4,20-01-2020,action,Ubisoft,,4.1638029982397855,500k
Sky Legends,Xbox,2020,action,Unknown,"39,99",8.5,530435
Call of Battle,XBOX,20-01-2020,ADVENTURE,EA,,8.5,1M
Dragon Arena,pc,2018,Adventure,EA,59.99,,1M
Zombie Land,Playstation,2018,action,Nintendo,free,N/A,
Call of Battle,XBOX,2020,Action,Sony,59.99,,500k
Pixel War,Xbox,20-01-2020,Adventure,EA,59.99,3.9530386659757433,500k
Zombie Land,pc,Jan 2022,RPG,,"39,99",N/A,500k
Dragon Arena,Switch,2019,ADVENTURE,EA,"39,99",ten,189006
Pixel War,Switch,Jan 2022,Action,Sony,free,5.703961386732267,1M
Zombie Land,Switch,Jan 2022,Shooter,EA,,8.5,500k
Speed Racer X,Xbox,2019,Shooter,Sony,59.99,,
Mystic Quest,XBOX,Jan 2022,ADVENTURE,Unknown,,,
Pixel War,pc,2021,rpg,Unknown,$59.99,,114284
Mystic Quest,Switch,2021,action,,59.99,1.2675116650494223,871645
Zombie Land,Playstation,2018,action,Sony,,8.5,318459
Dragon Arena,PC,Jan 2022,ADVENTURE,Unknown,"39,99",,500k
Pixel War,Switch,2021,Shooter,Nintendo,,N/A,574172
Dragon Arena,PC,2021,Action,Sony,free,,
Call of Battle,PC,2019,Shooter,,"39,99",8.5,
Speed Racer X,Xbox,Jan 2022,rpg,Sony,"39,99",,
Zombie Land,pc,,action,Unknown,59.99,,
Sky Legends,Playstation,2020,ADVENTURE,Nintendo,$59.99,N/A,1M
Dragon Arena,Xbox,2020,ADVENTURE,,,ten,400060
Zombie Land,Xbox,2020,rpg,Nintendo,59.99,8.5,500k
Sky Legends,PC,Jan 2022,Action,Nintendo,59.99,4.038348313629726,500k
Call of Battle,Switch,Jan 2022,ADVENTURE,Sony,,,280570
Pixel War,Switch,20-01-2020,Action,Nintendo,free,ten,601350
Dragon Arena,Switch,2018,Adventure,,59.99,N/A,500k
Speed Racer X,pc,2020,RPG,Sony,59.99,5.4725654029771515,1M
Mystic Quest,Xbox,2018,RPG,Unknown,free,N/A,779974
Pixel War,XBOX,20-01-2020,Action,Unknown,$59.99,N/A,
Zombie Land,PS4,2020,ADVENTURE,EA,,N/A,500k
Zombie Land,Playstation,20-01-2020,RPG,Ubisoft,free,N/A,
Pixel War,XBOX,20-01-2020,action,EA,,8.5,
Speed Racer X,Playstation,,Adventure,Sony,$59.99,N/A,
Sky Legends,Playstation,Jan 2022,Action,Unknown,59.99,8.5,1M
Pixel War,Playstation,,RPG,Sony,free,3.867878621382068,1M
Dragon Arena,Switch,2020,ADVENTURE,Nintendo,,N/A,
Speed Racer X,PC,2019,action,EA,59.99,ten,
Sky Legends,Switch,2021,Adventure,EA,59.99,8.5,500k
Dragon Arena,XBOX,2020,Adventure,Unknown,59.99,6.798644391243824,
Dragon Arena,PC,2018,ADVENTURE,EA,$59.99,6.41439766199747,
Mystic Quest,Playstation,Jan 2022,Action,Sony,"39,99",8.5,248507
Sky Legends,Playstation,20-01-2020,Action,Unknown,,N/A,
Call of Battle,PS4,20-01-2020,Action,Nintendo,$59.99,,1M
Zombie Land,PS4,2019,Action,Ubisoft,59.99,,500k
Dragon Arena,pc,2018,rpg,Unknown,$59.99,7.296559553879485,
Zombie Land,Playstation,2019,RPG,Ubisoft,$59.99,ten,500k
Call of Battle,Playstation,20-01-2020,Action,,,8.190471891072649,1M
Mystic Quest,pc,2021,RPG,,,4.2656958857805565,1M
Dragon Arena,Switch,2021,Action,Sony,$59.99,8.5,1M
Dragon Arena,PS4,2021,Adventure,Nintendo,"39,99",,828659
Mystic Quest,XBOX,2018,ADVENTURE,Sony,free,ten,
Dragon Arena,PC,,action,,$59.99,ten,500k
Zombie Land,Playstation,2018,ADVENTURE,EA,,,1M
Call of Battle,Switch,2019,Adventure,Nintendo,$59.99,6.182284107357922,1M
Sky Legends,Playstation,,ADVENTURE,,"39,99",N/A,
Dragon Arena,Xbox,2021,rpg,,59.99,N/A,500k
Dragon Arena,Xbox,2019,Action,Sony,$59.99,,1M
Call of Battle,PC,20-01-2020,Adventure,Unknown,,3.0583652120948064,1M
Mystic Quest,Playstation,,action,EA,free,N/A,1M
Call of Battle,Xbox,2019,Shooter,EA,59.99,,
Dragon Arena,Playstation,2021,Action,Ubisoft,,ten,
Zombie Land,PS4,2021,ADVENTURE,Ubisoft,,ten,1M
Zombie Land,PS4,2021,ADVENTURE,Ubisoft,59.99,ten,
Speed Racer X,Xbox,20-01-2020,Adventure,,free,,500k
Pixel War,Switch,Jan 2022,action,,free,N/A,269672
Call of Battle,pc,2018,Action,Nintendo,59.99,ten,636829
Call of Battle,Xbox,20-01-2020,Shooter,Sony,$59.99,ten,139661
Sky Legends,PS4,2020,action,Unknown,free,,139327
Mystic Quest,Playstation,20-01-2020,rpg,Ubisoft,$59.99,2.0515785054819764,
Dragon Arena,XBOX,2020,Adventure,Nintendo,free,ten,500k
Sky Legends,Xbox,2021,action,Nintendo,,8.5,
Call of Battle,PS4,2019,Action,Ubisoft,59.99,ten,
Zombie Land,PC,2021,Action,Sony,$59.99,N/A,
Zombie Land,PC,,Adventure,Ubisoft,59.99,8.5,500k
Speed Racer X,XBOX,2019,Adventure,Unknown,"39,99",N/A,223713
Sky Legends,XBOX,20-01-2020,action,Sony,59.99,,710790
Mystic Quest,PC,2020,Adventure,,59.99,N/A,975282
Dragon Arena,Xbox,2019,Action,EA,free,,500k
Sky Legends,Playstation,2018,RPG,EA,,,1M
Speed Racer X,XBOX,2018,ADVENTURE,,$59.99,3.908537620181759,780930
Sky Legends,pc,2021,Action,Sony,$59.99,,94520
Dragon Arena,PS4,2019,rpg,Sony,$59.99,8.5,500k
Zombie Land,XBOX,2021,Adventure,Nintendo,,ten,698848
Dragon Arena,Xbox,20-01-2020,action,Sony,free,,
Call of Battle,XBOX,2021,ADVENTURE,Nintendo,,,98462
Sky Legends,Xbox,2021,Adventure,Ubisoft,,8.5,
Sky Legends,Playstation,Jan 2022,Shooter,EA,$59.99,5.213972545684872,
Mystic Quest,PS4,2019,Adventure,Nintendo,"39,99",,310834
Sky Legends,PC,2018,Shooter,EA,,4.824221690872123,500k
Mystic Quest,Xbox,20-01-2020,Action,Unknown,59.99,,1M
Dragon Arena,Switch,2018,Action,Sony,,N/A,
Dragon Arena,Playstation,2021,Shooter,Nintendo,$59.99,8.5,1M
Call of Battle,Playstation,20-01-2020,RPG,,59.99,4.9041902855737805,
Call of Battle,PC,2019,Adventure,Sony,free,N/A,
Mystic Quest,pc,,Shooter,Nintendo,,,500k
Call of Battle,PS4,2019,Action,Ubisoft,59.99,8.5,901739
Speed Racer X,Switch,Jan 2022,action,,59.99,N/A,201188
Mystic Quest,XBOX,2021,action,Sony,free,8.5,1M
Pixel War,Playstation,2021,rpg,Sony,59.99,N/A,1M
Mystic Quest,pc,,ADVENTURE,Sony,59.99,4.004650503924999,
Zombie Land,XBOX,2021,Adventure,Unknown,,ten,
Zombie Land,Switch,20-01-2020,Shooter,,,,244170
Sky Legends,PC,2021,Shooter,Nintendo,,,
Call of Battle,Switch,20-01-2020,Adventure,Nintendo,free,7.277629963502809,500k
Pixel War,PS4,2021,RPG,Sony,59.99,N/A,500k
Sky Legends,XBOX,,Adventure,,free,ten,
Zombie Land,XBOX,Jan 2022,Adventure,,$59.99,8.5,1M
Mystic Quest,Playstation,Jan 2022,Action,,free,8.5,
Call of Battle,XBOX,2021,rpg,Nintendo,59.99,2.8848964721819357,500k
Mystic Quest,Xbox,Jan 2022,action,Ubisoft,"39,99",N/A,34522
Mystic Quest,Switch,2018,Shooter,Ubisoft,59.99,,500k
Dragon Arena,Xbox,,Action,Unknown,$59.99,N/A,634643
